{"initial_reset_timestamp": 1495175290.5190914, "episode_types": ["t", "t"], "episode_rewards": [-1649.409844561331], "timestamps": [1495175302.98647], "episode_lengths": [200]}